{
  "expectedSamplesByPath" : {
    "layoutPass" : 400,
    "navigationStep" : 400,
    "resizeDragUpdate" : 400,
    "windowMove" : 400,
    "workspaceMove" : 400
  },
  "generatedAt" : "2026-03-06T09:56:28.773Z",
  "measuredIterations" : 400,
  "metrics" : {
    "layoutPass" : {
      "count" : 400,
      "maxMs" : 0.019792,
      "meanMs" : 0.0032237224999999998,
      "minMs" : 0.002792,
      "p50Ms" : 0.003042,
      "p95Ms" : 0.003291,
      "p99Ms" : 0.004541
    },
    "navigationStep" : {
      "count" : 400,
      "maxMs" : 0.04675,
      "meanMs" : 0.0302590325,
      "minMs" : 0.027583,
      "p50Ms" : 0.029209,
      "p95Ms" : 0.043958,
      "p99Ms" : 0.04575
    },
    "resizeDragUpdate" : {
      "count" : 400,
      "maxMs" : 0.000291,
      "meanMs" : 0.00014596000000000002,
      "minMs" : 0.000125,
      "p50Ms" : 0.000125,
      "p95Ms" : 0.000167,
      "p99Ms" : 0.000167
    },
    "windowMove" : {
      "count" : 400,
      "maxMs" : 0.045625,
      "meanMs" : 0.02967032,
      "minMs" : 0.027167,
      "p50Ms" : 0.028291,
      "p95Ms" : 0.043208,
      "p99Ms" : 0.045291
    },
    "workspaceMove" : {
      "count" : 400,
      "maxMs" : 0.050625,
      "meanMs" : 0.0341792925,
      "minMs" : 0.031917,
      "p50Ms" : 0.033,
      "p95Ms" : 0.048333,
      "p99Ms" : 0.050125
    }
  },
  "sampleCounts" : {
    "layoutPass" : 400,
    "navigationStep" : 400,
    "resizeDragUpdate" : 400,
    "windowMove" : 400,
    "workspaceMove" : 400
  },
  "scenarioName" : "phase0-default",
  "schemaVersion" : 1,
  "warmupIterations" : 100
}
